{"stats":{"minecraft:dropped":{"minecraft:birch_sign":1},"minecraft:picked_up":{"minecraft:book":21,"minecraft:spruce_pressure_plate":1,"minecraft:acacia_log":3,"minecraft:acacia_wood":2,"minecraft:string":3,"minecraft:acacia_planks":2,"minecraft:hay_block":4,"minecraft:birch_sign":3,"minecraft:terracotta":7},"minecraft:custom":{"minecraft:time_since_rest":16430,"minecraft:sprint_one_cm":36209,"minecraft:damage_taken":160,"minecraft:walk_one_cm":15210,"minecraft:mob_kills":1,"minecraft:drop":1,"minecraft:damage_dealt":80,"minecraft:interact_with_crafting_table":3,"minecraft:fly_one_cm":30822,"minecraft:open_barrel":10,"minecraft:open_chest":1,"minecraft:crouch_one_cm":5998,"minecraft:play_time":16430,"minecraft:sneak_time":2316,"minecraft:jump":126,"minecraft:time_since_death":16430,"minecraft:climb_one_cm":810,"minecraft:total_world_time":16430,"minecraft:fall_one_cm":6580},"minecraft:killed":{"minecraft:spider":1},"minecraft:crafted":{"minecraft:wooden_sword":1,"minecraft:stick":8,"minecraft:wooden_pickaxe":1,"minecraft:wooden_axe":1,"minecraft:acacia_planks":20,"minecraft:bread":12,"minecraft:wheat":36},"minecraft:mined":{"minecraft:hay_block":4,"minecraft:acacia_wood":2,"minecraft:grass":1,"minecraft:acacia_log":3,"minecraft:bookshelf":7,"minecraft:dead_bush":3,"minecraft:birch_wall_sign":1,"minecraft:cobweb":3,"minecraft:terracotta":7,"minecraft:acacia_planks":2},"minecraft:used":{"minecraft:wooden_axe":15,"minecraft:writable_book":2,"minecraft:spruce_pressure_plate":1,"minecraft:wooden_pickaxe":7,"minecraft:rotten_flesh":3,"minecraft:wooden_sword":5,"minecraft:terracotta":7,"minecraft:carrot":4,"minecraft:acacia_planks":10}},"DataVersion":3465}